{"run_mode": "serial", "print_to_stdout": true, "pop_size": 64, "pop_origin": "files", "pop_dir_path": "../data/for_competition_exp/pop_54", "org_tag": null, "G": 512, "gamma": 16, "fitness_mode": "auprc", "extra_FN_penalty": true, "targets_type": "placements", "spacers": [3, 4, 4, 4, 4, 5, 5, 5, 5, 5, 5, 6, 6, 6, 6, 7], "motif_n": 2, "motif_len": 5, "motif_res": 10, "pseudocounts": 0.01, "connector_type": "gaussian", "fix_mu": 5, "fix_sigma": null, "sigma_res": 4, "min_mu": 0, "max_mu": 10, "fix_left": null, "fix_right": null, "min_left": null, "max_right": 20, "mut_mode": "ev", "prob_indel": 0.5, "indel_size": 10, "mut_rate": 0.005, "threshold_res": 200, "update_period": 100, "drift_time": 10000, "max_n_gen": 40000}